/*
 Navicat Premium Data Transfer

 Source Server         : 49.4.91.137
 Source Server Type    : MySQL
 Source Server Version : 50726
 Source Host           : 49.4.91.137:3306
 Source Schema         : guns

 Target Server Type    : MySQL
 Target Server Version : 50726
 File Encoding         : 65001

 Date: 26/07/2019 22:21:27
*/

SET NAMES utf8mb4;
SET FOREIGN_KEY_CHECKS = 0;

-- ----------------------------
-- Table structure for category
-- ----------------------------
DROP TABLE IF EXISTS `category`;
CREATE TABLE `category`  (
  `id` int(10) UNSIGNED NOT NULL AUTO_INCREMENT,
  `parent_id` int(11) NOT NULL DEFAULT 0,
  `sort` int(11) NOT NULL DEFAULT 0,
  `title` varchar(50) CHARACTER SET utf8mb4 COLLATE utf8mb4_unicode_ci NOT NULL,
  `icon` varchar(20) CHARACTER SET utf8mb4 COLLATE utf8mb4_unicode_ci NOT NULL,
  `levels` int(11) NULL DEFAULT NULL,
  `create_time` timestamp(0) NULL DEFAULT NULL,
  `update_time` timestamp(0) NULL DEFAULT NULL,
  PRIMARY KEY (`id`) USING BTREE
) ENGINE = InnoDB AUTO_INCREMENT = 36 CHARACTER SET = utf8mb4 COLLATE = utf8mb4_unicode_ci ROW_FORMAT = Dynamic;

-- ----------------------------
-- Records of category
-- ----------------------------
INSERT INTO `category` VALUES (1, 0, 2, '常用推荐', 'fa-star-o', 1, '2019-01-21 12:48:58', '2019-05-22 16:29:50');
INSERT INTO `category` VALUES (2, 0, 1, '社区资讯', 'fa-bullhorn', 1, '2019-01-21 12:50:17', '2019-05-22 16:29:50');
INSERT INTO `category` VALUES (3, 0, 3, '灵感采集', 'fa-lightbulb-o', 1, '2019-01-21 13:53:10', '2019-01-21 13:53:34');
INSERT INTO `category` VALUES (6, 3, 6, '网页灵感', 'fa-star-o', 2, '2019-01-21 13:54:00', '2019-01-21 13:55:42');
INSERT INTO `category` VALUES (7, 0, 7, '素材资源', 'fa-thumbs-o-up', 1, '2019-01-21 13:54:42', '2019-01-21 13:55:42');
INSERT INTO `category` VALUES (9, 7, 9, 'LOGO设计', 'fa-star-o', 2, '2019-01-21 13:55:11', '2019-01-21 13:55:42');
INSERT INTO `category` VALUES (10, 7, 10, '平面素材', 'fa-star-o', 2, '2019-01-21 13:55:25', '2019-01-21 13:55:42');
INSERT INTO `category` VALUES (17, 0, 17, '常用工具', 'fa-cogs', 1, '2019-01-22 01:02:04', '2019-01-22 01:07:04');
INSERT INTO `category` VALUES (18, 17, 18, '图形创意', 'fa-star-o', 2, '2019-01-22 01:02:14', '2019-01-22 01:07:04');
INSERT INTO `category` VALUES (24, 0, 24, '学习教程', 'fa-pencil', 1, '2019-01-22 01:03:17', '2019-01-22 01:07:04');
INSERT INTO `category` VALUES (25, 24, 25, '设计规范', 'fa-star-o', 2, '2019-01-22 01:03:29', '2019-01-22 01:07:04');
INSERT INTO `category` VALUES (35, 0, 0, '媒体导航', 'fa-anchor', 1, '2019-07-26 16:08:10', '2019-07-26 17:02:12');

-- ----------------------------
-- Table structure for code_dbinfo
-- ----------------------------
DROP TABLE IF EXISTS `code_dbinfo`;
CREATE TABLE `code_dbinfo`  (
  `id` int(10) UNSIGNED NOT NULL AUTO_INCREMENT,
  `name` varchar(20) CHARACTER SET utf8 COLLATE utf8_general_ci NULL DEFAULT NULL COMMENT '别名',
  `db_driver` varchar(100) CHARACTER SET utf8 COLLATE utf8_general_ci NOT NULL COMMENT '数据库驱动',
  `db_url` varchar(200) CHARACTER SET utf8 COLLATE utf8_general_ci NOT NULL COMMENT '数据库地址',
  `db_user_name` varchar(100) CHARACTER SET utf8 COLLATE utf8_general_ci NOT NULL COMMENT '数据库账户',
  `db_password` varchar(100) CHARACTER SET utf8 COLLATE utf8_general_ci NOT NULL COMMENT '连接密码',
  `db_type` varchar(10) CHARACTER SET utf8 COLLATE utf8_general_ci NULL DEFAULT NULL COMMENT '数据库类型',
  `create_time` datetime(0) NULL DEFAULT NULL COMMENT '创建时间',
  `update_time` datetime(0) NULL DEFAULT NULL COMMENT '修改时间',
  PRIMARY KEY (`id`) USING BTREE
) ENGINE = InnoDB AUTO_INCREMENT = 1 CHARACTER SET = utf8 COLLATE = utf8_general_ci COMMENT = '数据库链接信息' ROW_FORMAT = Compact;

-- ----------------------------
-- Table structure for site
-- ----------------------------
DROP TABLE IF EXISTS `site`;
CREATE TABLE `site`  (
  `id` int(10) UNSIGNED NOT NULL AUTO_INCREMENT,
  `category_id` int(11) NOT NULL,
  `title` varchar(50) CHARACTER SET utf8mb4 COLLATE utf8mb4_unicode_ci NOT NULL,
  `thumb` varchar(100) CHARACTER SET utf8mb4 COLLATE utf8mb4_unicode_ci NOT NULL,
  `description` varchar(300) CHARACTER SET utf8mb4 COLLATE utf8mb4_unicode_ci NOT NULL,
  `url` varchar(100) CHARACTER SET utf8mb4 COLLATE utf8mb4_unicode_ci NOT NULL,
  `create_time` timestamp(0) NULL DEFAULT NULL,
  `update_time` timestamp(0) NULL DEFAULT NULL,
  PRIMARY KEY (`id`) USING BTREE
) ENGINE = InnoDB AUTO_INCREMENT = 235 CHARACTER SET = utf8mb4 COLLATE = utf8mb4_unicode_ci ROW_FORMAT = Dynamic;

-- ----------------------------
-- Records of site
-- ----------------------------
INSERT INTO `site` VALUES (1, 1, 'Dribbble', '7db1257f40b9b04482744387a00b359d.png', '全球UI设计师作品分享平台。', 'https://dribbble.com/', '2019-01-21 15:23:29', '2019-03-12 02:13:08');

-- ----------------------------
-- Table structure for sys_dept
-- ----------------------------
DROP TABLE IF EXISTS `sys_dept`;
CREATE TABLE `sys_dept`  (
  `id` int(11) NOT NULL AUTO_INCREMENT COMMENT '主键id',
  `num` int(11) NULL DEFAULT NULL COMMENT '排序',
  `pid` int(11) NULL DEFAULT NULL COMMENT '父部门id',
  `pids` varchar(255) CHARACTER SET utf8 COLLATE utf8_general_ci NULL DEFAULT NULL COMMENT '父级ids',
  `simplename` varchar(45) CHARACTER SET utf8 COLLATE utf8_general_ci NULL DEFAULT NULL COMMENT '简称',
  `fullname` varchar(255) CHARACTER SET utf8 COLLATE utf8_general_ci NULL DEFAULT NULL COMMENT '全称',
  `tips` varchar(255) CHARACTER SET utf8 COLLATE utf8_general_ci NULL DEFAULT NULL COMMENT '提示',
  `version` int(11) NULL DEFAULT NULL COMMENT '版本（乐观锁保留字段）',
  PRIMARY KEY (`id`) USING BTREE
) ENGINE = InnoDB AUTO_INCREMENT = 30 CHARACTER SET = utf8 COLLATE = utf8_general_ci COMMENT = '部门表' ROW_FORMAT = Dynamic;

-- ----------------------------
-- Records of sys_dept
-- ----------------------------
INSERT INTO `sys_dept` VALUES (24, 1, 0, '[0],', '总公司', '总公司', '', NULL);
INSERT INTO `sys_dept` VALUES (25, 2, 29, '[0],[24],[28],[29],', '开发部', '开发部', '', NULL);
INSERT INTO `sys_dept` VALUES (26, 3, 25, '[0],[24],[28],[29],[25],', '运营部', '运营部', '', NULL);
INSERT INTO `sys_dept` VALUES (27, 4, 24, '[0],[24],', '战略部', '战略部', '', NULL);
INSERT INTO `sys_dept` VALUES (28, NULL, 24, '[0],[24],', '111', '111', '', NULL);
INSERT INTO `sys_dept` VALUES (29, NULL, 28, '[0],[24],[28],', '222', '222', '222', NULL);

-- ----------------------------
-- Table structure for sys_dict
-- ----------------------------
DROP TABLE IF EXISTS `sys_dict`;
CREATE TABLE `sys_dict`  (
  `id` int(11) UNSIGNED NOT NULL AUTO_INCREMENT COMMENT '主键id',
  `num` int(11) NULL DEFAULT NULL COMMENT '排序',
  `pid` int(11) NULL DEFAULT NULL COMMENT '父级字典',
  `name` varchar(255) CHARACTER SET utf8 COLLATE utf8_general_ci NULL DEFAULT NULL COMMENT '名称',
  `tips` varchar(255) CHARACTER SET utf8 COLLATE utf8_general_ci NULL DEFAULT NULL COMMENT '提示',
  `code` varchar(255) CHARACTER SET utf8 COLLATE utf8_general_ci NULL DEFAULT NULL COMMENT '值',
  PRIMARY KEY (`id`) USING BTREE
) ENGINE = InnoDB AUTO_INCREMENT = 60 CHARACTER SET = utf8 COLLATE = utf8_general_ci COMMENT = '字典表' ROW_FORMAT = Dynamic;

-- ----------------------------
-- Records of sys_dict
-- ----------------------------
INSERT INTO `sys_dict` VALUES (50, 0, 0, '性别', NULL, 'sys_sex');
INSERT INTO `sys_dict` VALUES (51, 1, 50, '男', NULL, '1');
INSERT INTO `sys_dict` VALUES (52, 2, 50, '女', NULL, '2');
INSERT INTO `sys_dict` VALUES (53, 0, 0, '状态', NULL, 'sys_state');
INSERT INTO `sys_dict` VALUES (54, 1, 53, '启用', NULL, '1');
INSERT INTO `sys_dict` VALUES (55, 2, 53, '禁用', NULL, '2');
INSERT INTO `sys_dict` VALUES (56, 0, 0, '账号状态', NULL, 'account_state');
INSERT INTO `sys_dict` VALUES (57, 1, 56, '启用', NULL, '1');
INSERT INTO `sys_dict` VALUES (58, 2, 56, '冻结', NULL, '2');
INSERT INTO `sys_dict` VALUES (59, 3, 56, '已删除', NULL, '3');

-- ----------------------------
-- Table structure for sys_expense
-- ----------------------------
DROP TABLE IF EXISTS `sys_expense`;
CREATE TABLE `sys_expense`  (
  `id` int(11) NOT NULL AUTO_INCREMENT,
  `money` decimal(20, 2) NULL DEFAULT NULL COMMENT '报销金额',
  `desc` varchar(255) CHARACTER SET utf8 COLLATE utf8_general_ci NULL DEFAULT '' COMMENT '描述',
  `createtime` datetime(0) NULL DEFAULT NULL COMMENT '创建时间',
  `state` int(11) NULL DEFAULT NULL COMMENT '状态: 1.待提交  2:待审核   3.审核通过 4:驳回',
  `userid` int(11) NULL DEFAULT NULL COMMENT '用户id',
  `processId` varchar(255) CHARACTER SET utf8 COLLATE utf8_general_ci NULL DEFAULT NULL COMMENT '流程定义id',
  PRIMARY KEY (`id`) USING BTREE
) ENGINE = InnoDB AUTO_INCREMENT = 1 CHARACTER SET = utf8 COLLATE = utf8_general_ci COMMENT = '报销表' ROW_FORMAT = Dynamic;

-- ----------------------------
-- Table structure for sys_login_log
-- ----------------------------
DROP TABLE IF EXISTS `sys_login_log`;
CREATE TABLE `sys_login_log`  (
  `id` int(65) NOT NULL AUTO_INCREMENT COMMENT '主键',
  `logname` varchar(255) CHARACTER SET utf8 COLLATE utf8_general_ci NULL DEFAULT NULL COMMENT '日志名称',
  `userid` int(65) NULL DEFAULT NULL COMMENT '管理员id',
  `createtime` datetime(0) NULL DEFAULT NULL COMMENT '创建时间',
  `succeed` varchar(255) CHARACTER SET utf8 COLLATE utf8_general_ci NULL DEFAULT NULL COMMENT '是否执行成功',
  `message` text CHARACTER SET utf8 COLLATE utf8_general_ci NULL COMMENT '具体消息',
  `ip` varchar(255) CHARACTER SET utf8 COLLATE utf8_general_ci NULL DEFAULT NULL COMMENT '登录ip',
  PRIMARY KEY (`id`) USING BTREE
) ENGINE = InnoDB AUTO_INCREMENT = 346 CHARACTER SET = utf8 COLLATE = utf8_general_ci COMMENT = '登录记录' ROW_FORMAT = Dynamic;

-- ----------------------------
-- Table structure for sys_menu
-- ----------------------------
DROP TABLE IF EXISTS `sys_menu`;
CREATE TABLE `sys_menu`  (
  `id` bigint(20) NOT NULL AUTO_INCREMENT COMMENT '主键id',
  `code` varchar(255) CHARACTER SET utf8 COLLATE utf8_general_ci NULL DEFAULT NULL COMMENT '菜单编号',
  `pcode` varchar(255) CHARACTER SET utf8 COLLATE utf8_general_ci NULL DEFAULT NULL COMMENT '菜单父编号',
  `pcodes` varchar(255) CHARACTER SET utf8 COLLATE utf8_general_ci NULL DEFAULT NULL COMMENT '当前菜单的所有父菜单编号',
  `name` varchar(255) CHARACTER SET utf8 COLLATE utf8_general_ci NULL DEFAULT NULL COMMENT '菜单名称',
  `icon` varchar(255) CHARACTER SET utf8 COLLATE utf8_general_ci NULL DEFAULT NULL COMMENT '菜单图标',
  `url` varchar(255) CHARACTER SET utf8 COLLATE utf8_general_ci NULL DEFAULT NULL COMMENT 'url地址',
  `num` int(65) NULL DEFAULT NULL COMMENT '菜单排序号',
  `levels` int(65) NULL DEFAULT NULL COMMENT '菜单层级',
  `ismenu` int(11) NULL DEFAULT NULL COMMENT '是否是菜单（1：是  0：不是）',
  `tips` varchar(255) CHARACTER SET utf8 COLLATE utf8_general_ci NULL DEFAULT NULL COMMENT '备注',
  `status` int(65) NULL DEFAULT NULL COMMENT '菜单状态 :  1:启用   0:不启用',
  `isopen` int(11) NULL DEFAULT NULL COMMENT '是否打开:    1:打开   0:不打开',
  PRIMARY KEY (`id`) USING BTREE
) ENGINE = InnoDB AUTO_INCREMENT = 174 CHARACTER SET = utf8 COLLATE = utf8_general_ci COMMENT = '菜单表' ROW_FORMAT = Dynamic;

-- ----------------------------
-- Records of sys_menu
-- ----------------------------
INSERT INTO `sys_menu` VALUES (105, 'system', '0', '[0],', '系统管理', 'fa-user', '#', 8, 1, 1, NULL, 1, 1);
INSERT INTO `sys_menu` VALUES (106, 'mgr', 'system', '[0],[system],', '用户管理', '', '/mgr', 1, 2, 1, NULL, 1, 0);
INSERT INTO `sys_menu` VALUES (107, 'mgr_add', 'mgr', '[0],[system],[mgr],', '添加用户', NULL, '/mgr/add', 1, 3, 0, NULL, 1, 0);
INSERT INTO `sys_menu` VALUES (108, 'mgr_edit', 'mgr', '[0],[system],[mgr],', '修改用户', NULL, '/mgr/edit', 2, 3, 0, NULL, 1, 0);
INSERT INTO `sys_menu` VALUES (109, 'mgr_delete', 'mgr', '[0],[system],[mgr],', '删除用户', NULL, '/mgr/delete', 3, 3, 0, NULL, 1, 0);
INSERT INTO `sys_menu` VALUES (110, 'mgr_reset', 'mgr', '[0],[system],[mgr],', '重置密码', NULL, '/mgr/reset', 4, 3, 0, NULL, 1, 0);
INSERT INTO `sys_menu` VALUES (111, 'mgr_freeze', 'mgr', '[0],[system],[mgr],', '冻结用户', NULL, '/mgr/freeze', 5, 3, 0, NULL, 1, 0);
INSERT INTO `sys_menu` VALUES (112, 'mgr_unfreeze', 'mgr', '[0],[system],[mgr],', '解除冻结用户', NULL, '/mgr/unfreeze', 6, 3, 0, NULL, 1, 0);
INSERT INTO `sys_menu` VALUES (113, 'mgr_setRole', 'mgr', '[0],[system],[mgr],', '分配角色', NULL, '/mgr/setRole', 7, 3, 0, NULL, 1, 0);
INSERT INTO `sys_menu` VALUES (114, 'role', 'system', '[0],[system],', '角色管理', NULL, '/role', 2, 2, 1, NULL, 1, 0);
INSERT INTO `sys_menu` VALUES (115, 'role_add', 'role', '[0],[system],[role],', '添加角色', NULL, '/role/add', 1, 3, 0, NULL, 1, 0);
INSERT INTO `sys_menu` VALUES (116, 'role_edit', 'role', '[0],[system],[role],', '修改角色', NULL, '/role/edit', 2, 3, 0, NULL, 1, 0);
INSERT INTO `sys_menu` VALUES (117, 'role_remove', 'role', '[0],[system],[role],', '删除角色', NULL, '/role/remove', 3, 3, 0, NULL, 1, 0);
INSERT INTO `sys_menu` VALUES (118, 'role_setAuthority', 'role', '[0],[system],[role],', '配置权限', NULL, '/role/setAuthority', 4, 3, 0, NULL, 1, 0);
INSERT INTO `sys_menu` VALUES (119, 'menu', 'system', '[0],[system],', '菜单管理', NULL, '/menu', 4, 2, 1, NULL, 1, 0);
INSERT INTO `sys_menu` VALUES (120, 'menu_add', 'menu', '[0],[system],[menu],', '添加菜单', NULL, '/menu/add', 1, 3, 0, NULL, 1, 0);
INSERT INTO `sys_menu` VALUES (121, 'menu_edit', 'menu', '[0],[system],[menu],', '修改菜单', NULL, '/menu/edit', 2, 3, 0, NULL, 1, 0);
INSERT INTO `sys_menu` VALUES (122, 'menu_remove', 'menu', '[0],[system],[menu],', '删除菜单', NULL, '/menu/remove', 3, 3, 0, NULL, 1, 0);
INSERT INTO `sys_menu` VALUES (128, 'log', 'system', '[0],[system],', '业务日志', NULL, '/log', 6, 2, 1, NULL, 1, 0);
INSERT INTO `sys_menu` VALUES (130, 'druid', 'system', '[0],[system],', '监控管理', NULL, '/druid', 7, 2, 1, NULL, 1, NULL);
INSERT INTO `sys_menu` VALUES (131, 'dept', 'system', '[0],[system],', '部门管理', NULL, '/dept', 3, 2, 1, NULL, 1, NULL);
INSERT INTO `sys_menu` VALUES (132, 'dict', 'system', '[0],[system],', '字典管理', NULL, '/dict', 4, 2, 1, NULL, 1, NULL);
INSERT INTO `sys_menu` VALUES (133, 'loginLog', 'system', '[0],[system],', '登录日志', NULL, '/loginLog', 6, 2, 1, NULL, 1, NULL);
INSERT INTO `sys_menu` VALUES (134, 'log_clean', 'log', '[0],[system],[log],', '清空日志', NULL, '/log/delLog', 3, 3, 0, NULL, 1, NULL);
INSERT INTO `sys_menu` VALUES (135, 'dept_add', 'dept', '[0],[system],[dept],', '添加部门', NULL, '/dept/add', 1, 3, 0, NULL, 1, NULL);
INSERT INTO `sys_menu` VALUES (136, 'dept_update', 'dept', '[0],[system],[dept],', '修改部门', NULL, '/dept/update', 1, 3, 0, NULL, 1, NULL);
INSERT INTO `sys_menu` VALUES (137, 'dept_delete', 'dept', '[0],[system],[dept],', '删除部门', NULL, '/dept/delete', 1, 3, 0, NULL, 1, NULL);
INSERT INTO `sys_menu` VALUES (138, 'dict_add', 'dict', '[0],[system],[dict],', '添加字典', NULL, '/dict/add', 1, 3, 0, NULL, 1, NULL);
INSERT INTO `sys_menu` VALUES (139, 'dict_update', 'dict', '[0],[system],[dict],', '修改字典', NULL, '/dict/update', 1, 3, 0, NULL, 1, NULL);
INSERT INTO `sys_menu` VALUES (140, 'dict_delete', 'dict', '[0],[system],[dict],', '删除字典', NULL, '/dict/delete', 1, 3, 0, NULL, 1, NULL);
INSERT INTO `sys_menu` VALUES (141, 'notice', 'system', '[0],[system],', '通知管理', NULL, '/notice', 9, 2, 1, NULL, 1, NULL);
INSERT INTO `sys_menu` VALUES (142, 'notice_add', 'notice', '[0],[system],[notice],', '添加通知', NULL, '/notice/add', 1, 3, 0, NULL, 1, NULL);
INSERT INTO `sys_menu` VALUES (143, 'notice_update', 'notice', '[0],[system],[notice],', '修改通知', NULL, '/notice/update', 2, 3, 0, NULL, 1, NULL);
INSERT INTO `sys_menu` VALUES (144, 'notice_delete', 'notice', '[0],[system],[notice],', '删除通知', NULL, '/notice/delete', 3, 3, 0, NULL, 1, NULL);
INSERT INTO `sys_menu` VALUES (145, 'hello', '0', '[0],', '通知', 'fa-rocket', '/notice/hello', 3, 1, 1, NULL, 1, NULL);
INSERT INTO `sys_menu` VALUES (148, 'code', '0', '[0],', '代码生成', 'fa-code', '/code', 7, 1, 1, NULL, 1, NULL);
INSERT INTO `sys_menu` VALUES (149, 'api_mgr', '0', '[0],', '接口文档', 'fa-leaf', '/swagger-ui.html', 6, 1, 0, NULL, 1, NULL);
INSERT INTO `sys_menu` VALUES (150, 'to_menu_edit', 'menu', '[0],[system],[menu],', '菜单编辑跳转', '', '/menu/menu_edit', 4, 3, 0, NULL, 1, NULL);
INSERT INTO `sys_menu` VALUES (151, 'menu_list', 'menu', '[0],[system],[menu],', '菜单列表', '', '/menu/list', 5, 3, 0, NULL, 1, NULL);
INSERT INTO `sys_menu` VALUES (152, 'to_dept_update', 'dept', '[0],[system],[dept],', '修改部门跳转', '', '/dept/dept_update', 4, 3, 0, NULL, 1, NULL);
INSERT INTO `sys_menu` VALUES (153, 'dept_list', 'dept', '[0],[system],[dept],', '部门列表', '', '/dept/list', 5, 3, 0, NULL, 1, NULL);
INSERT INTO `sys_menu` VALUES (154, 'dept_detail', 'dept', '[0],[system],[dept],', '部门详情', '', '/dept/detail', 6, 3, 0, NULL, 1, NULL);
INSERT INTO `sys_menu` VALUES (155, 'to_dict_edit', 'dict', '[0],[system],[dict],', '修改菜单跳转', '', '/dict/dict_edit', 4, 3, 0, NULL, 1, NULL);
INSERT INTO `sys_menu` VALUES (156, 'dict_list', 'dict', '[0],[system],[dict],', '字典列表', '', '/dict/list', 5, 3, 0, NULL, 1, NULL);
INSERT INTO `sys_menu` VALUES (157, 'dict_detail', 'dict', '[0],[system],[dict],', '字典详情', '', '/dict/detail', 6, 3, 0, NULL, 1, NULL);
INSERT INTO `sys_menu` VALUES (158, 'log_list', 'log', '[0],[system],[log],', '日志列表', '', '/log/list', 2, 3, 0, NULL, 1, NULL);
INSERT INTO `sys_menu` VALUES (159, 'log_detail', 'log', '[0],[system],[log],', '日志详情', '', '/log/detail', 3, 3, 0, NULL, 1, NULL);
INSERT INTO `sys_menu` VALUES (160, 'del_login_log', 'loginLog', '[0],[system],[loginLog],', '清空登录日志', '', '/loginLog/delLoginLog', 1, 3, 0, NULL, 1, NULL);
INSERT INTO `sys_menu` VALUES (161, 'login_log_list', 'loginLog', '[0],[system],[loginLog],', '登录日志列表', '', '/loginLog/list', 2, 3, 0, NULL, 1, NULL);
INSERT INTO `sys_menu` VALUES (162, 'to_role_edit', 'role', '[0],[system],[role],', '修改角色跳转', '', '/role/role_edit', 5, 3, 0, NULL, 1, NULL);
INSERT INTO `sys_menu` VALUES (163, 'to_role_assign', 'role', '[0],[system],[role],', '角色分配跳转', '', '/role/role_assign', 6, 3, 0, NULL, 1, NULL);
INSERT INTO `sys_menu` VALUES (164, 'role_list', 'role', '[0],[system],[role],', '角色列表', '', '/role/list', 7, 3, 0, NULL, 1, NULL);
INSERT INTO `sys_menu` VALUES (165, 'to_assign_role', 'mgr', '[0],[system],[mgr],', '分配角色跳转', '', '/mgr/role_assign', 8, 3, 0, NULL, 1, NULL);
INSERT INTO `sys_menu` VALUES (166, 'to_user_edit', 'mgr', '[0],[system],[mgr],', '编辑用户跳转', '', '/mgr/user_edit', 9, 3, 0, NULL, 1, NULL);
INSERT INTO `sys_menu` VALUES (167, 'mgr_list', 'mgr', '[0],[system],[mgr],', '用户列表', '', '/mgr/list', 10, 3, 0, NULL, 1, NULL);
INSERT INTO `sys_menu` VALUES (171, 'category', '0', '[0],', '分类管理', 'fa-archive', '/category', 0, 1, 1, NULL, 1, NULL);
INSERT INTO `sys_menu` VALUES (173, 'site', '0', '[0],', '网站管理', 'fa-internet-explorer', '/site', 1, 1, 1, NULL, 1, NULL);

-- ----------------------------
-- Table structure for sys_notice
-- ----------------------------
DROP TABLE IF EXISTS `sys_notice`;
CREATE TABLE `sys_notice`  (
  `id` int(11) NOT NULL AUTO_INCREMENT COMMENT '主键',
  `title` varchar(255) CHARACTER SET utf8 COLLATE utf8_general_ci NULL DEFAULT NULL COMMENT '标题',
  `type` int(11) NULL DEFAULT NULL COMMENT '类型',
  `content` text CHARACTER SET utf8 COLLATE utf8_general_ci NULL COMMENT '内容',
  `createtime` datetime(0) NULL DEFAULT NULL COMMENT '创建时间',
  `creater` int(11) NULL DEFAULT NULL COMMENT '创建人',
  PRIMARY KEY (`id`) USING BTREE
) ENGINE = InnoDB AUTO_INCREMENT = 11 CHARACTER SET = utf8 COLLATE = utf8_general_ci COMMENT = '通知表' ROW_FORMAT = Dynamic;

-- ----------------------------
-- Records of sys_notice
-- ----------------------------
INSERT INTO `sys_notice` VALUES (6, '世界', 10, '欢迎使用Guns管理系统', '2017-01-11 08:53:20', 1);
INSERT INTO `sys_notice` VALUES (8, '你好', NULL, '你好', '2017-05-10 19:28:57', 1);
INSERT INTO `sys_notice` VALUES (10, '你好', NULL, '这是一个开源的网址导航网站项目，您可以拿来制作自己的网址导航，也可以做与导航无关的网站。如果对本项目有任何建议都可以发起 issue。', '2019-07-26 18:23:52', 1);

-- ----------------------------
-- Table structure for sys_operation_log
-- ----------------------------
DROP TABLE IF EXISTS `sys_operation_log`;
CREATE TABLE `sys_operation_log`  (
  `id` int(65) NOT NULL AUTO_INCREMENT COMMENT '主键',
  `logtype` varchar(255) CHARACTER SET utf8 COLLATE utf8_general_ci NULL DEFAULT NULL COMMENT '日志类型',
  `logname` varchar(255) CHARACTER SET utf8 COLLATE utf8_general_ci NULL DEFAULT NULL COMMENT '日志名称',
  `userid` int(65) NULL DEFAULT NULL COMMENT '用户id',
  `classname` varchar(255) CHARACTER SET utf8 COLLATE utf8_general_ci NULL DEFAULT NULL COMMENT '类名称',
  `method` text CHARACTER SET utf8 COLLATE utf8_general_ci NULL COMMENT '方法名称',
  `createtime` datetime(0) NULL DEFAULT NULL COMMENT '创建时间',
  `succeed` varchar(255) CHARACTER SET utf8 COLLATE utf8_general_ci NULL DEFAULT NULL COMMENT '是否成功',
  `message` text CHARACTER SET utf8 COLLATE utf8_general_ci NULL COMMENT '备注',
  PRIMARY KEY (`id`) USING BTREE
) ENGINE = InnoDB AUTO_INCREMENT = 608 CHARACTER SET = utf8 COLLATE = utf8_general_ci COMMENT = '操作日志' ROW_FORMAT = Dynamic;

-- ----------------------------
-- Table structure for sys_relation
-- ----------------------------
DROP TABLE IF EXISTS `sys_relation`;
CREATE TABLE `sys_relation`  (
  `id` int(11) NOT NULL AUTO_INCREMENT COMMENT '主键',
  `menuid` bigint(11) NULL DEFAULT NULL COMMENT '菜单id',
  `roleid` int(11) NULL DEFAULT NULL COMMENT '角色id',
  PRIMARY KEY (`id`) USING BTREE
) ENGINE = InnoDB AUTO_INCREMENT = 3905 CHARACTER SET = utf8 COLLATE = utf8_general_ci COMMENT = '角色和菜单关联表' ROW_FORMAT = Dynamic;

-- ----------------------------
-- Records of sys_relation
-- ----------------------------
INSERT INTO `sys_relation` VALUES (3377, 105, 5);
INSERT INTO `sys_relation` VALUES (3378, 106, 5);
INSERT INTO `sys_relation` VALUES (3379, 107, 5);
INSERT INTO `sys_relation` VALUES (3380, 108, 5);
INSERT INTO `sys_relation` VALUES (3381, 109, 5);
INSERT INTO `sys_relation` VALUES (3382, 110, 5);
INSERT INTO `sys_relation` VALUES (3383, 111, 5);
INSERT INTO `sys_relation` VALUES (3384, 112, 5);
INSERT INTO `sys_relation` VALUES (3385, 113, 5);
INSERT INTO `sys_relation` VALUES (3386, 114, 5);
INSERT INTO `sys_relation` VALUES (3387, 115, 5);
INSERT INTO `sys_relation` VALUES (3388, 116, 5);
INSERT INTO `sys_relation` VALUES (3389, 117, 5);
INSERT INTO `sys_relation` VALUES (3390, 118, 5);
INSERT INTO `sys_relation` VALUES (3391, 119, 5);
INSERT INTO `sys_relation` VALUES (3392, 120, 5);
INSERT INTO `sys_relation` VALUES (3393, 121, 5);
INSERT INTO `sys_relation` VALUES (3394, 122, 5);
INSERT INTO `sys_relation` VALUES (3395, 150, 5);
INSERT INTO `sys_relation` VALUES (3396, 151, 5);
INSERT INTO `sys_relation` VALUES (3848, 105, 1);
INSERT INTO `sys_relation` VALUES (3849, 106, 1);
INSERT INTO `sys_relation` VALUES (3850, 107, 1);
INSERT INTO `sys_relation` VALUES (3851, 108, 1);
INSERT INTO `sys_relation` VALUES (3852, 109, 1);
INSERT INTO `sys_relation` VALUES (3853, 110, 1);
INSERT INTO `sys_relation` VALUES (3854, 111, 1);
INSERT INTO `sys_relation` VALUES (3855, 112, 1);
INSERT INTO `sys_relation` VALUES (3856, 113, 1);
INSERT INTO `sys_relation` VALUES (3857, 165, 1);
INSERT INTO `sys_relation` VALUES (3858, 166, 1);
INSERT INTO `sys_relation` VALUES (3859, 167, 1);
INSERT INTO `sys_relation` VALUES (3860, 114, 1);
INSERT INTO `sys_relation` VALUES (3861, 115, 1);
INSERT INTO `sys_relation` VALUES (3862, 116, 1);
INSERT INTO `sys_relation` VALUES (3863, 117, 1);
INSERT INTO `sys_relation` VALUES (3864, 118, 1);
INSERT INTO `sys_relation` VALUES (3865, 162, 1);
INSERT INTO `sys_relation` VALUES (3866, 163, 1);
INSERT INTO `sys_relation` VALUES (3867, 164, 1);
INSERT INTO `sys_relation` VALUES (3868, 119, 1);
INSERT INTO `sys_relation` VALUES (3869, 120, 1);
INSERT INTO `sys_relation` VALUES (3870, 121, 1);
INSERT INTO `sys_relation` VALUES (3871, 122, 1);
INSERT INTO `sys_relation` VALUES (3872, 150, 1);
INSERT INTO `sys_relation` VALUES (3873, 151, 1);
INSERT INTO `sys_relation` VALUES (3874, 128, 1);
INSERT INTO `sys_relation` VALUES (3875, 134, 1);
INSERT INTO `sys_relation` VALUES (3876, 158, 1);
INSERT INTO `sys_relation` VALUES (3877, 159, 1);
INSERT INTO `sys_relation` VALUES (3878, 130, 1);
INSERT INTO `sys_relation` VALUES (3879, 131, 1);
INSERT INTO `sys_relation` VALUES (3880, 135, 1);
INSERT INTO `sys_relation` VALUES (3881, 136, 1);
INSERT INTO `sys_relation` VALUES (3882, 137, 1);
INSERT INTO `sys_relation` VALUES (3883, 152, 1);
INSERT INTO `sys_relation` VALUES (3884, 153, 1);
INSERT INTO `sys_relation` VALUES (3885, 154, 1);
INSERT INTO `sys_relation` VALUES (3886, 132, 1);
INSERT INTO `sys_relation` VALUES (3887, 138, 1);
INSERT INTO `sys_relation` VALUES (3888, 139, 1);
INSERT INTO `sys_relation` VALUES (3889, 140, 1);
INSERT INTO `sys_relation` VALUES (3890, 155, 1);
INSERT INTO `sys_relation` VALUES (3891, 156, 1);
INSERT INTO `sys_relation` VALUES (3892, 157, 1);
INSERT INTO `sys_relation` VALUES (3893, 133, 1);
INSERT INTO `sys_relation` VALUES (3894, 160, 1);
INSERT INTO `sys_relation` VALUES (3895, 161, 1);
INSERT INTO `sys_relation` VALUES (3896, 141, 1);
INSERT INTO `sys_relation` VALUES (3897, 142, 1);
INSERT INTO `sys_relation` VALUES (3898, 143, 1);
INSERT INTO `sys_relation` VALUES (3899, 144, 1);
INSERT INTO `sys_relation` VALUES (3900, 145, 1);
INSERT INTO `sys_relation` VALUES (3901, 148, 1);
INSERT INTO `sys_relation` VALUES (3902, 149, 1);
INSERT INTO `sys_relation` VALUES (3903, 171, 1);
INSERT INTO `sys_relation` VALUES (3904, 173, 1);

-- ----------------------------
-- Table structure for sys_role
-- ----------------------------
DROP TABLE IF EXISTS `sys_role`;
CREATE TABLE `sys_role`  (
  `id` int(11) NOT NULL AUTO_INCREMENT COMMENT '主键id',
  `num` int(11) NULL DEFAULT NULL COMMENT '序号',
  `pid` int(11) NULL DEFAULT NULL COMMENT '父角色id',
  `name` varchar(255) CHARACTER SET utf8 COLLATE utf8_general_ci NULL DEFAULT NULL COMMENT '角色名称',
  `deptid` int(11) NULL DEFAULT NULL COMMENT '部门名称',
  `tips` varchar(255) CHARACTER SET utf8 COLLATE utf8_general_ci NULL DEFAULT NULL COMMENT '提示',
  `version` int(11) NULL DEFAULT NULL COMMENT '保留字段(暂时没用）',
  PRIMARY KEY (`id`) USING BTREE
) ENGINE = InnoDB AUTO_INCREMENT = 6 CHARACTER SET = utf8 COLLATE = utf8_general_ci COMMENT = '角色表' ROW_FORMAT = Dynamic;

-- ----------------------------
-- Records of sys_role
-- ----------------------------
INSERT INTO `sys_role` VALUES (1, 1, 0, '超级管理员', 24, 'administrator', 1);
INSERT INTO `sys_role` VALUES (5, 2, 1, '临时', 26, 'temp', NULL);

-- ----------------------------
-- Table structure for sys_user
-- ----------------------------
DROP TABLE IF EXISTS `sys_user`;
CREATE TABLE `sys_user`  (
  `id` int(11) NOT NULL AUTO_INCREMENT COMMENT '主键id',
  `avatar` varchar(255) CHARACTER SET utf8 COLLATE utf8_general_ci NULL DEFAULT NULL COMMENT '头像',
  `account` varchar(45) CHARACTER SET utf8 COLLATE utf8_general_ci NULL DEFAULT NULL COMMENT '账号',
  `password` varchar(45) CHARACTER SET utf8 COLLATE utf8_general_ci NULL DEFAULT NULL COMMENT '密码',
  `salt` varchar(45) CHARACTER SET utf8 COLLATE utf8_general_ci NULL DEFAULT NULL COMMENT 'md5密码盐',
  `name` varchar(45) CHARACTER SET utf8 COLLATE utf8_general_ci NULL DEFAULT NULL COMMENT '名字',
  `birthday` datetime(0) NULL DEFAULT NULL COMMENT '生日',
  `sex` int(11) NULL DEFAULT NULL COMMENT '性别（1：男 2：女）',
  `email` varchar(45) CHARACTER SET utf8 COLLATE utf8_general_ci NULL DEFAULT NULL COMMENT '电子邮件',
  `phone` varchar(45) CHARACTER SET utf8 COLLATE utf8_general_ci NULL DEFAULT NULL COMMENT '电话',
  `roleid` varchar(255) CHARACTER SET utf8 COLLATE utf8_general_ci NULL DEFAULT NULL COMMENT '角色id',
  `deptid` int(11) NULL DEFAULT NULL COMMENT '部门id',
  `status` int(11) NULL DEFAULT NULL COMMENT '状态(1：启用  2：冻结  3：删除）',
  `createtime` datetime(0) NULL DEFAULT NULL COMMENT '创建时间',
  `version` int(11) NULL DEFAULT NULL COMMENT '保留字段',
  PRIMARY KEY (`id`) USING BTREE
) ENGINE = InnoDB AUTO_INCREMENT = 47 CHARACTER SET = utf8 COLLATE = utf8_general_ci COMMENT = '管理员表' ROW_FORMAT = Dynamic;

-- ----------------------------
-- Records of sys_user
-- ----------------------------
INSERT INTO `sys_user` VALUES (1, '54660837-c66b-4293-a916-fbb8ca02407a.jpg', 'admin', 'ecfadcde9305f8891bcfe5a1e28c253e', '8pgby', '管理员', '2017-05-05 00:00:00', 1, 'jsnjfz@gmail.com', '18200000000', '1', 27, 1, '2016-01-29 08:49:53', 25);
INSERT INTO `sys_user` VALUES (44, NULL, 'test', '45abb7879f6a8268f1ef600e6038ac73', 'ssts3', 'test', '2017-05-01 00:00:00', 1, 'abc@123.com', '', '5', 26, 3, '2017-05-16 20:33:37', NULL);
INSERT INTO `sys_user` VALUES (45, NULL, 'boss', '71887a5ad666a18f709e1d4e693d5a35', '1f7bf', '老板', '2017-12-04 00:00:00', 1, '', '', '1', 24, 1, '2017-12-04 22:24:02', NULL);
INSERT INTO `sys_user` VALUES (46, NULL, 'manager', 'b53cac62e7175637d4beb3b16b2f7915', 'j3cs9', '经理', '2017-12-04 00:00:00', 1, '', '', '1', 24, 1, '2017-12-04 22:24:24', NULL);

SET FOREIGN_KEY_CHECKS = 1;
